{"cameraMode":{"drawMode":0,"name":"Shaded","section":"Shading Mode"},"sceneLighting":false,"audioPlay":false,"sceneViewState":{"showFog":false,"showMaterialUpdate":false,"showSkybox":false,"showFlares":false,"showImageEffects":false,"showParticleSystems":false},"in2DMode":false,"pivot":{"x":-0.1509552001953125,"y":-0.31463623046875,"z":-0.05859375},"rotation":{"x":0.029951779171824456,"y":-0.053949497640132907,"z":0.0016189699526876212,"w":0.9980934858322144},"size":2.8578948974609377,"orthographic":true}